{"bboxes":{"lot1":{"x":10,"y":335.66666412353516,"width":146,"height":74.33333587646484},"lot2":{"x":65,"y":342.66666412353516,"width":149,"height":79.33333587646484},"lot3":{"x":110,"y":349.66666412353516,"width":153,"height":86.33333587646484},"lot4":{"x":194,"y":355.66666412353516,"width":157,"height":90.33333587646484},"lot5":{"x":246,"y":367.66666412353516,"width":152,"height":96.33333587646484},"lot6":{"x":320,"y":377,"width":164,"height":110},"lot7":{"x":398,"y":380,"width":193,"height":112},"lot8":{"x":519,"y":390,"width":196,"height":119},"lot9":{"x":631,"y":406,"width":239,"height":133},"lot10":{"x":738,"y":424,"width":297,"height":170},"lot11":{"x":942,"y":431.6666564941406,"width":277.6666259765625,"height":207.33334350585938}}}
