{"bboxes":{"lot1":{"x":98.79998779296875,"y":411.8249969482422,"width":1128,"height":307.4000015258789}}}
