{"bboxes":{"lot1":{"x":332.79998779296875,"y":284.8249969482422,"width":590,"height":435.4000015258789}}}
