{"bboxes":{"lot1":{"x":41.79998779296875,"y":202.2249984741211,"width":302,"height":195},"lot2":{"x":304.79998779296875,"y":193,"width":262,"height":201.2249984741211},"lot3":{"x":536,"y":183.2249984741211,"width":243.79998779296875,"height":209},"lot4":{"x":736,"y":175.2249984741211,"width":246.79998779296875,"height":207},"lot5":{"x":899.7999877929688,"y":165.2249984741211,"width":365,"height":196}}}
