{"bboxes":{"lot1":{"x":9.2833251953125,"y":129.93331909179688,"width":328.51666259765625,"height":173.8916778564453},"lot2":{"x":68.2833251953125,"y":151.93331909179688,"width":450,"height":212},"lot3":{"x":203.79998779296875,"y":162.8249969482422,"width":500,"height":246},"lot4":{"x":397.79998779296875,"y":186.8249969482422,"width":501,"height":301},"lot5":{"x":720.2833251953125,"y":206.1333236694336,"width":498,"height":350}}}
