{"bboxes":{"lot1":{"x":445,"y":233,"width":45,"height":52},"lot2":{"x":459.6666259765625,"y":210,"width":85.3333740234375,"height":67.66665649414062},"lot3":{"x":460,"y":209,"width":117,"height":60},"lot4":{"x":496,"y":207,"width":117,"height":55},"lot5":{"x":530,"y":205,"width":111,"height":52},"lot6":{"x":562,"y":202,"width":100,"height":51},"lot7":{"x":595,"y":203,"width":91,"height":41},"lot8":{"x":629,"y":202,"width":71,"height":40},"lot9":{"x":640,"y":203,"width":85,"height":34},"lot10":{"x":669,"y":196,"width":90,"height":35},"lot11":{"x":685,"y":200,"width":66,"height":29},"lot12":{"x":699,"y":200,"width":63,"height":27},"lot13":{"x":720,"y":196,"width":52,"height":27},"lot14":{"x":733,"y":197,"width":57,"height":26},"lot15":{"x":752,"y":197,"width":46,"height":23},"lot16":{"x":758,"y":197,"width":49,"height":21}}}
